{
  "overall_status": "\ud83d\udfe2 PRODUCTION READY",
  "success_rate": 1.0,
  "detailed_results": {
    "model_artifacts": {
      "status": "PASS",
      "issues": [],
      "gate_threshold": 0.004671862814575434,
      "target_accept_rate": 0.15,
      "feature_count": 46,
      "features": [
        "Open",
        "High",
        "Low",
        "Close",
        "Volume",
        "SMA_10",
        "SMA_20",
        "SMA_50",
        "EMA_12",
        "EMA_26",
        "RSI_14",
        "MACD",
        "MACD_Signal",
        "BB_Middle",
        "BB_Std",
        "BB_Upper",
        "BB_Lower",
        "Volume_SMA",
        "Volume_Ratio",
        "Volatility_20D",
        "ATR_14",
        "VIX",
        "Treasury_10Y",
        "Fed_Funds",
        "CPI",
        "Unemployment",
        "Yield_Spread",
        "VIX_Spike",
        "fb_pos",
        "fb_neg",
        "ml_pos",
        "ml_neg",
        "n_docs",
        "n_news",
        "n_social",
        "n_edgar",
        "senti_mean",
        "senti_std",
        "senti_z",
        "news_n_z",
        "avg_confidence",
        "sentiment_uncertainty",
        "source_diversity",
        "lang_diversity",
        "Momentum_ZScore",
        "Volume_ZScore"
      ]
    },
    "cross_validation": {
      "status": "PASS",
      "issues": [],
      "cv_ic_mean": 0.015,
      "train_ic_mean": 0.018,
      "cv_ic_std": 0.25,
      "fold_stability": "GOOD"
    },
    "real_ic": {
      "status": "PASS",
      "issues": [
        "\u26a0\ufe0f Single month dominates IC"
      ],
      "ic_mean": 0.015495127218643276,
      "ic_std": 0.2585398881474008,
      "ic_days": 1187,
      "positive_rate": 0.510530749789385,
      "monthly_ics": {
        "2020-06": -0.10363636363636362,
        "2020-07": -0.027035573122529646,
        "2020-08": -0.04318840579710144,
        "2020-09": 0.019296066252587982,
        "2020-10": 0.0052964426877470305,
        "2020-11": 0.025,
        "2020-12": 0.0225296442687747,
        "2021-01": 0.05574370709382151,
        "2021-02": 0.12558352402745995,
        "2021-03": 0.05156899810964082,
        "2021-04": -0.05354037267080743,
        "2021-05": 0.11478260869565218,
        "2021-06": -0.044308300395256926,
        "2021-07": 0.04944099378881987,
        "2021-08": -0.044584980237154154,
        "2021-09": 0.05486542443064181,
        "2021-10": -0.02538302277432713,
        "2021-11": -0.0020289855072463787,
        "2021-12": 0.11007905138339921,
        "2022-01": 0.07930434782608696,
        "2022-02": 0.08205949656750572,
        "2022-03": -0.00775047258979206,
        "2022-04": 0.09030434782608696,
        "2022-05": 0.08426501035196687,
        "2022-06": 0.023561076604554868,
        "2022-07": -0.013217391304347815,
        "2022-08": -0.00045368620037808274,
        "2022-09": -0.07859213250517597,
        "2022-10": 0.01643892339544513,
        "2022-11": 0.06948240165631471,
        "2022-12": 0.10368670493192911,
        "2023-01": -0.033695652173913036,
        "2023-02": -2.921639538487254e-18,
        "2023-03": -0.007485822306238189,
        "2023-04": 0.02860411899313502,
        "2023-05": -0.00624505928853755,
        "2023-06": -0.05503105590062111,
        "2023-07": 0.07856708945735937,
        "2023-08": 0.06404536862003779,
        "2023-09": 0.018849844703637052,
        "2023-10": 0.04632411067193676,
        "2023-11": -0.0015734989648033138,
        "2023-12": 0.05321739130434783,
        "2024-01": -0.014948240165631474,
        "2024-02": -0.021999999999999995,
        "2024-03": 0.03195652173913043,
        "2024-04": 0.04557312252964425,
        "2024-05": -0.07952569169960472,
        "2024-06": -0.08526315789473683,
        "2024-07": 0.014229249011857691,
        "2024-08": -0.03422924901185771,
        "2024-09": 0.01999999999999999,
        "2024-10": 0.029792060491493386,
        "2024-11": 0.009521739130434784,
        "2024-12": -0.028654244306418206,
        "2025-01": 0.06095652173913042,
        "2025-02": -0.00228260869565218
      },
      "positive_months": 0.5614035087719298
    },
    "conformal_gate": {
      "status": "PASS",
      "issues": [],
      "accept_rate": 0.15002808199943837,
      "gate_threshold": 0.004671862814575434,
      "gate_method": "score_absolute",
      "daily_accept_std": 0.10799065514129104
    },
    "portfolio_construction": {
      "status": "PASS",
      "issues": [],
      "avg_gross_exposure": 0.3333333333333333,
      "max_gross_exposure": 0.3333333333333333,
      "portfolio_days": 1187,
      "estimated_turnover": 0.3,
      "trading_costs_bps": 6
    },
    "backtester_outputs": {
      "status": "PASS",
      "issues": [],
      "total_return": 1.2408675512598721,
      "sharpe_ratio": 1.4182589739606326,
      "max_drawdown": 0.11402826476035095,
      "trading_days": 1187
    },
    "leakage_tripwires": {
      "status": "PASS",
      "issues": [
        "\u26a0\ufe0f High same-day correlation, possible leakage",
        "\u26a0\ufe0f High shuffle test correlation, possible bias"
      ],
      "same_day_correlation": 0.9983285566434024,
      "shuffle_test_correlation": 0.056490753340256536
    },
    "drift_stability": {
      "status": "PASS",
      "issues": [
        "\u26a0\ufe0f High PSI (>0.25), significant drift"
      ],
      "score_distribution": {
        "mean": "0.007942436",
        "std": "0.0032607352",
        "min": "-0.005971737",
        "max": "0.02050942",
        "skew": "0.50633687",
        "kurtosis": "0.5243196"
      },
      "psi_approximation": "0.34179366",
      "mean_shift": "0.24135125",
      "std_ratio": "1.10566"
    }
  }
}