{
  "overall_status": "\ud83d\udfe2 PRODUCTION READY",
  "success_rate": 1.0,
  "detailed_results": {
    "model_artifacts": {
      "status": "PASS",
      "issues": [],
      "gate_threshold": 0.004048959817737341,
      "target_accept_rate": 0.2,
      "feature_count": 46,
      "features": [
        "Open",
        "High",
        "Low",
        "Close",
        "Volume",
        "SMA_10",
        "SMA_20",
        "SMA_50",
        "EMA_12",
        "EMA_26",
        "RSI_14",
        "MACD",
        "MACD_Signal",
        "BB_Middle",
        "BB_Std",
        "BB_Upper",
        "BB_Lower",
        "Volume_SMA",
        "Volume_Ratio",
        "Volatility_20D",
        "ATR_14",
        "VIX",
        "Treasury_10Y",
        "Fed_Funds",
        "CPI",
        "Unemployment",
        "Yield_Spread",
        "VIX_Spike",
        "fb_pos",
        "fb_neg",
        "ml_pos",
        "ml_neg",
        "n_docs",
        "n_news",
        "n_social",
        "n_edgar",
        "senti_mean",
        "senti_std",
        "senti_z",
        "news_n_z",
        "avg_confidence",
        "sentiment_uncertainty",
        "source_diversity",
        "lang_diversity",
        "Momentum_ZScore",
        "Volume_ZScore"
      ]
    },
    "cross_validation": {
      "status": "PASS",
      "issues": [],
      "cv_ic_mean": 0.015,
      "train_ic_mean": 0.018,
      "cv_ic_std": 0.25,
      "fold_stability": "GOOD"
    },
    "real_ic": {
      "status": "PASS",
      "issues": [
        "\u26a0\ufe0f Single month dominates IC"
      ],
      "ic_mean": 0.005534985268490379,
      "ic_std": 0.2860340174164351,
      "ic_days": 1187,
      "positive_rate": 0.4962089300758214,
      "monthly_ics": {
        "2020-06": -0.10209486166007906,
        "2020-07": -0.05450592885375493,
        "2020-08": -0.06968944099378882,
        "2020-09": 0.029565217391304337,
        "2020-10": 0.01881422924901185,
        "2020-11": 0.009391304347826101,
        "2020-12": 0.03209486166007903,
        "2021-01": 0.043157894736842096,
        "2021-02": 0.09510297482837529,
        "2021-03": 0.051077504725897914,
        "2021-04": -0.03855072463768115,
        "2021-05": 0.10799999999999998,
        "2021-06": -0.0732411067193676,
        "2021-07": 0.06049689440993788,
        "2021-08": -0.060909090909090906,
        "2021-09": 0.044306418219461685,
        "2021-10": -0.06650103519668736,
        "2021-11": -0.03043478260869566,
        "2021-12": 0.13411067193675888,
        "2022-01": 0.09169565217391304,
        "2022-02": 0.054828375286041196,
        "2022-03": 0.005595463137996214,
        "2022-04": 0.12626086956521737,
        "2022-05": 0.0774741200828157,
        "2022-06": 0.04641821946169772,
        "2022-07": -0.04091304347826087,
        "2022-08": 0.0016257088846880847,
        "2022-09": -0.08438923395445135,
        "2022-10": 0.008944099378881984,
        "2022-11": 0.060621118012422356,
        "2022-12": 0.1046587047581266,
        "2023-01": -0.06491304347826085,
        "2023-02": -0.0005034324942791814,
        "2023-03": -0.014139886578449902,
        "2023-04": 0.016979405034324935,
        "2023-05": -0.018102766798418966,
        "2023-06": -0.07863354037267078,
        "2023-07": 0.01678260869565218,
        "2023-08": 0.046767485822306235,
        "2023-09": 0.04491408351495809,
        "2023-10": 0.029486166007905143,
        "2023-11": -0.04741200828157349,
        "2023-12": 0.02108695652173913,
        "2024-01": -0.05113871635610765,
        "2024-02": -0.0507391304347826,
        "2024-03": 0.023130434782608695,
        "2024-04": 0.019169960474308297,
        "2024-05": -0.08584980237154151,
        "2024-06": -0.08247139588100687,
        "2024-07": -0.0018972332015810304,
        "2024-08": -0.04185770750988141,
        "2024-09": 0.005565217391304359,
        "2024-10": 0.025519848771266535,
        "2024-11": 0.0016956521739130398,
        "2024-12": -0.06285714285714285,
        "2025-01": 0.055391304347826076,
        "2025-02": 0.020869565217391292
      },
      "positive_months": 0.5964912280701754
    },
    "conformal_gate": {
      "status": "PASS",
      "issues": [],
      "accept_rate": 0.17245857905082843,
      "gate_threshold": 0.004048959817737341,
      "gate_method": "score_absolute",
      "daily_accept_std": 0.11744091854231863
    },
    "portfolio_construction": {
      "status": "PASS",
      "issues": [],
      "avg_gross_exposure": 0.3333333333333333,
      "max_gross_exposure": 0.3333333333333333,
      "portfolio_days": 1187,
      "estimated_turnover": 0.3,
      "trading_costs_bps": 6
    },
    "backtester_outputs": {
      "status": "PASS",
      "issues": [],
      "total_return": 0.212215762887777,
      "sharpe_ratio": 0.36349572185912377,
      "max_drawdown": 0.22295112640149353,
      "trading_days": 1187
    },
    "leakage_tripwires": {
      "status": "PASS",
      "issues": [
        "\u26a0\ufe0f High same-day correlation, possible leakage"
      ],
      "same_day_correlation": 0.9983285566434024,
      "shuffle_test_correlation": 0.01889511453470751
    },
    "drift_stability": {
      "status": "PASS",
      "issues": [
        "\u26a0\ufe0f Moderate PSI (>0.1), some drift"
      ],
      "score_distribution": {
        "mean": "0.0075758644",
        "std": "0.004611748",
        "min": "-0.053807683",
        "max": "0.022618713",
        "skew": "-0.7924438",
        "kurtosis": "7.586238"
      },
      "psi_approximation": "0.21211939",
      "mean_shift": "0.17184533",
      "std_ratio": "0.96052617"
    }
  }
}