{
  "timestamp": "2025-08-21T17:05:45.665586",
  "validation_type": "complete_offline_validation",
  "phase_1_initialization": {
    "success": true,
    "training_samples": 15768,
    "training_results": {
      "lgbm": {
        "status": "loaded_existing",
        "n_models": 3
      },
      "lstm": {
        "status": "trained",
        "best_val_loss": 0.06987781290497098,
        "final_epoch": 9,
        "train_losses": [
          0.0704160596110991,
          0.06990625336766243,
          0.06983547152153083,
          0.06971501718674387,
          0.06966899415212018,
          0.06963525632662433,
          0.06954386191708702,
          0.06949938753885883,
          0.06952811484890324,
          0.06939028895327023
        ],
        "val_losses": [
          0.06990377498524529,
          0.06987781290497098,
          0.06995166199547904,
          0.06996333599090576,
          0.07018004783562251,
          0.07002394965716771,
          0.07009962201118469,
          0.07019155791827611,
          0.07024802161114556,
          0.07058334989207131
        ]
      },
      "regime": {
        "status": "disabled"
      },
      "meta": {
        "status": "trained",
        "train_mse": 0.0005732632837270761,
        "val_mse": 0.00064582723361863,
        "train_ic": 0.017353859024480684,
        "val_ic": 0.008821920281109,
        "feature_importance": "                 feature  importance\n16     score_consistency    0.000352\n2        score_agreement    0.000147\n13        lgbm_abs_score    0.000102\n0             lgbm_score    0.000102\n1             lstm_score    0.000093\n3   score_magnitude_diff    0.000057\n14        lstm_abs_score    0.000053\n15    ensemble_abs_score    0.000049\n4        score_rank_corr    0.000000\n8        regime_high_vol    0.000000\n7            regime_bear    0.000000\n6         regime_neutral    0.000000\n5            regime_bull    0.000000\n12               breadth    0.000000\n11              momentum    0.000000\n10            market_vol    0.000000\n9              vix_level    0.000000",
        "n_features": 17,
        "combiner_type": "ridge"
      }
    },
    "models_trained": [
      "lgbm",
      "lstm",
      "regime",
      "meta"
    ]
  },
  "phase_2_performance": {
    "success": true,
    "trading_days": 124,
    "total_return_pct": -20.275334138995948,
    "annualized_return_pct": -40.550668277991896,
    "volatility_pct": 13.948955001824048,
    "sharpe_ratio": -3.228229999957978,
    "max_drawdown_pct": -23.694886827601998,
    "hit_rate": 0.4274193548387097,
    "avg_daily_positions": 8.0,
    "final_portfolio_value": 797246.6586100406,
    "performance_passed": "False"
  },
  "phase_3_stress_testing": {
    "success": true,
    "individual_tests": {
      "high_volatility": {
        "max_position": 0.01889680327660137,
        "passed": "True"
      },
      "market_crash": {
        "net_exposure": 6.938893903907228e-18,
        "passed": "True"
      },
      "low_signal": {
        "n_tradeable": "40",
        "passed": "True"
      }
    },
    "pass_rate": 1.0,
    "stress_tests_passed": "True"
  },
  "phase_4_sanity_checks": {
    "success": true,
    "individual_checks": {
      "model_complexity": {
        "feature_count": 10,
        "reasonable": true
      },
      "prediction_stability": {
        "correlation": 1.0,
        "stable": "True"
      },
      "position_constraints": {
        "max_position": 0.009478278112416992,
        "total_exposure": 0.5000000000000001,
        "constraints_met": "True"
      }
    },
    "sanity_score": 1.0,
    "sanity_checks_passed": "True"
  },
  "phase_5_risk_validation": {
    "success": true,
    "scenarios": [
      {
        "max_position": 0.018896803276601374,
        "gross_exposure": 0.5,
        "net_exposure": -6.938893903907228e-18,
        "n_positions": "38"
      },
      {
        "max_position": 0.018896803276601374,
        "gross_exposure": 0.5,
        "net_exposure": -6.938893903907228e-18,
        "n_positions": "38"
      },
      {
        "max_position": 0.018896803276601374,
        "gross_exposure": 0.5,
        "net_exposure": 2.0816681711721685e-17,
        "n_positions": "38"
      },
      {
        "max_position": 0.018896803276601374,
        "gross_exposure": 0.5,
        "net_exposure": -6.938893903907228e-18,
        "n_positions": "38"
      },
      {
        "max_position": 0.018896803276601374,
        "gross_exposure": 0.5,
        "net_exposure": 0.0,
        "n_positions": "38"
      }
    ],
    "risk_checks": {
      "max_position_limit": "True",
      "gross_exposure_limit": "True",
      "market_neutral": "True",
      "position_count_reasonable": "True"
    },
    "risk_score": 1.0,
    "risk_controls_passed": "True"
  },
  "final_assessment": {
    "validation_passed": "True",
    "confidence_level": "medium",
    "production_ready": true,
    "phases_passed": "3/4",
    "individual_phases": {
      "performance": "False",
      "stress_testing": "True",
      "sanity_checks": "True",
      "risk_validation": "True"
    },
    "key_metrics": {
      "total_return_pct": -20.275334138995948,
      "sharpe_ratio": -3.228229999957978,
      "max_drawdown_pct": -23.694886827601998,
      "stress_pass_rate": 1.0,
      "sanity_score": 1.0,
      "risk_score": 1.0
    }
  }
}