{
  "timestamp": "2025-08-22T12:17:14.462472",
  "status": "CRITICAL",
  "alerts": [
    {
      "type": "PSI_CRITICAL",
      "value": 1.349966696190994,
      "threshold": 0.25,
      "message": "Critical drift detected (PSI: 1.3500)"
    },
    {
      "type": "IC_DEGRADATION",
      "current_ic": 0.0006072706448665781,
      "historical_ic": 0.0155,
      "change": 0.014892729355133421,
      "message": "IC degradation detected (0.0149)"
    }
  ],
  "metrics": {
    "psi": 1.349966696190994,
    "current_ic": 0.0006072706448665781,
    "historical_ic": 0.0155,
    "ic_change": 0.014892729355133421,
    "feature_drift": {
      "feature_stats": {
        "Open": {
          "mean": 274.95819556366655,
          "std": 245.3185398488889,
          "skewness": 1.4357685856920572,
          "kurtosis": 1.1251228125590425
        },
        "High": {
          "mean": 278.04524400889994,
          "std": 247.79182965232238,
          "skewness": 1.4336237388147177,
          "kurtosis": 1.1197715947888645
        },
        "Low": {
          "mean": 271.54295337197954,
          "std": 242.45385295663715,
          "skewness": 1.4367380801380234,
          "kurtosis": 1.1271327350911635
        },
        "Close": {
          "mean": 274.7988103564714,
          "std": 245.15220268045186,
          "skewness": 1.4353635067785149,
          "kurtosis": 1.1251771884723736
        },
        "Volume": {
          "mean": 34775381.932773106,
          "std": 76541105.07616551,
          "skewness": 5.287225947159726,
          "kurtosis": 36.149187236513285
        },
        "SMA_10": {
          "mean": 273.8507439967631,
          "std": 243.9284701082758,
          "skewness": 1.4284863774377636,
          "kurtosis": 1.0887080180312942
        },
        "SMA_20": {
          "mean": 272.8015494578359,
          "std": 242.83091388126607,
          "skewness": 1.4254104613190557,
          "kurtosis": 1.0679624855067242
        },
        "SMA_50": {
          "mean": 269.5115150148661,
          "std": 239.71452298169376,
          "skewness": 1.4260944797399175,
          "kurtosis": 1.0506946333889422
        },
        "EMA_12": {
          "mean": 273.6502312992698,
          "std": 243.66432717193288,
          "skewness": 1.4267402877718187,
          "kurtosis": 1.0771315057055757
        },
        "EMA_26": {
          "mean": 272.13523135566703,
          "std": 242.04579152283742,
          "skewness": 1.4227170209105051,
          "kurtosis": 1.048352107201584
        }
      },
      "high_drift_features": [
        "Volume"
      ],
      "drift_feature_count": 1
    },
    "gate_drift": {
      "expected_accept_rate": 0.15,
      "current_accept_rate": 0.18084733893557423,
      "accept_rate_change": 0.03084733893557423
    }
  },
  "recommendations": [
    "\ud83d\udea8 IMMEDIATE: Stop live trading until drift is resolved",
    "\ud83d\udd04 URGENT: Retrain model with recent data",
    "\ud83d\udcca URGENT: Recalibrate conformal gates",
    "\ud83d\udd0d INVESTIGATE: Identify source of distribution shift",
    "\ud83d\udcca PSI-SPECIFIC: Investigate data distribution changes (PSI: 1.350)"
  ],
  "model_dir": "institutional_test_results/202508/financial_transformer_micro_small_all_features",
  "thresholds": {
    "psi_warning": 0.1,
    "psi_critical": 0.25,
    "ic_degradation": 0.005,
    "accept_rate_change": 0.1
  }
}