{
  "timestamp": "2025-08-22T10:58:29.182592",
  "horizon": 5,
  "model_type": "XGBoost",
  "features_count": 59,
  "best_parameters": {
    "n_estimators": 348,
    "max_depth": 5,
    "learning_rate": 0.010321317553393602,
    "subsample": 0.9036144736944423,
    "colsample_bytree": 0.8502856440284039,
    "reg_alpha": 0.9637691071214957,
    "reg_lambda": 0.004177307783542243
  },
  "performance": {
    "training_ic": 0.6807317746389496,
    "training_samples": 28392,
    "features_count": 59,
    "target_horizon": "5d"
  },
  "gate_config": {
    "abs_score_threshold": [
      0.04437417909502983
    ],
    "alpha": 0.15,
    "threshold": 0.056630146113938386,
    "coverage": 0.85,
    "calibration_samples": 28392,
    "mean_residual": 0.023632543963620644,
    "std_residual": 0.022558761831543647
  },
  "artifacts": {
    "model": "/home/almog/market-ai/models/202508/model.xgb",
    "scaler": "/home/almog/market-ai/models/202508/scaler.joblib",
    "gate": "/home/almog/market-ai/models/202508/gate.json",
    "features": "/home/almog/market-ai/models/202508/feature_list.json"
  }
}