{
  "method": "score_absolute",
  "abs_score_threshold": 0.004671862814575434,
  "target_accept_rate": 0.15,
  "actual_accept_rate": 0.15002808199943837
}