{
  "lo": -0.02782499959131653,
  "hi": 0.025848315420059664
}