{
  "return_5d_lag1": {
    "bins": [
      -0.4308826418256377,
      -0.05192423000256585,
      -0.0297254681725098,
      -0.015586275969662845,
      -0.0045191330266677,
      0.0044505086644859,
      0.0136689609096001,
      0.02404251092862425,
      0.0377561561301698,
      0.06035816320488535,
      0.4291162433749376
    ],
    "reference_proportions": [
      0.1000155183116077,
      0.09997672253258845,
      0.1000155183116077,
      0.09997672253258845,
      0.1000155183116077,
      0.09997672253258845,
      0.1000155183116077,
      0.09997672253258845,
      0.1000155183116077,
      0.1000155183116077
    ],
    "n_training_samples": 25776,
    "training_mean": 0.004747160758537555,
    "training_std": 0.05108396846515077
  },
  "return_20d_lag1": {
    "bins": [
      -0.5188096836256708,
      -0.09906554320910496,
      -0.05562282244995471,
      -0.025126649860354774,
      -0.003142415733747492,
      0.0168595500098205,
      0.03678922425592228,
      0.057651521261750376,
      0.08523037345385263,
      0.13193451505249001,
      0.7226251433969904
    ],
    "reference_proportions": [
      0.1000039496030649,
      0.1000039496030649,
      0.1000039496030649,
      0.1000039496030649,
      0.09996445357241597,
      0.1000039496030649,
      0.1000039496030649,
      0.1000039496030649,
      0.1000039496030649,
      0.1000039496030649
    ],
    "n_training_samples": 25319,
    "training_mean": 0.018405254470064976,
    "training_std": 0.10416285537886738
  },
  "return_60d_lag1": {
    "bins": [
      -0.5886899209269705,
      -0.15005136289535578,
      -0.0769201288775899,
      -0.031050190708726198,
      0.009187984965155821,
      0.0443840192262625,
      0.0824839464638767,
      0.12346759483641008,
      0.1751544892558473,
      0.2762493055542843,
      1.813269388933863
    ],
    "reference_proportions": [
      0.10000410525883657,
      0.10000410525883657,
      0.10000410525883657,
      0.10000410525883657,
      0.09996305267047087,
      0.10000410525883657,
      0.10000410525883657,
      0.10000410525883657,
      0.10000410525883657,
      0.10000410525883657
    ],
    "n_training_samples": 24359,
    "training_mean": 0.05543910282990474,
    "training_std": 0.18466229324495764
  },
  "return_12m_ex_1m_lag1": {
    "bins": [
      -0.7318919224019835,
      -0.28724340756976313,
      -0.11713977423603358,
      -0.016584327984047534,
      0.06460144004709713,
      0.1452618577789339,
      0.22722154078761617,
      0.3403482035776837,
      0.48267537985625564,
      0.7272197173155815,
      3.0543506341909943
    ],
    "reference_proportions": [
      0.1000151921810908,
      0.1000151921810908,
      0.0999645515774548,
      0.1000151921810908,
      0.0999645515774548,
      0.1000151921810908,
      0.1000151921810908,
      0.0999645515774548,
      0.1000151921810908,
      0.1000151921810908
    ],
    "n_training_samples": 19747,
    "training_mean": 0.2111265242992635,
    "training_std": 0.46317633243084844
  },
  "vol_20d_lag1": {
    "bins": [
      0.0599060082853419,
      0.1619594358307933,
      0.1970843491086601,
      0.22865934887903014,
      0.2641027227011418,
      0.29662019598236633,
      0.3350216532758451,
      0.38236622002697457,
      0.4422686587492854,
      0.54637485195206,
      1.5740216704904937
    ],
    "reference_proportions": [
      0.1000155183116077,
      0.09997672253258845,
      0.1000155183116077,
      0.09997672253258845,
      0.1000155183116077,
      0.09997672253258845,
      0.1000155183116077,
      0.09997672253258845,
      0.1000155183116077,
      0.1000155183116077
    ],
    "n_training_samples": 25776,
    "training_mean": 0.33193477243775,
    "training_std": 0.1651210146668331
  },
  "vol_60d_lag1": {
    "bins": [
      0.0057069355155607,
      0.01150832361705352,
      0.013774637102371921,
      0.01570803808459422,
      0.01767590615911244,
      0.0197284731086077,
      0.022043133013976042,
      0.024573186033665127,
      0.02787878347024586,
      0.03338378157624069,
      0.0635112605574554
    ],
    "reference_proportions": [
      0.10000410525883657,
      0.10000410525883657,
      0.10000410525883657,
      0.10000410525883657,
      0.09996305267047087,
      0.10000410525883657,
      0.10000410525883657,
      0.10000410525883657,
      0.10000410525883657,
      0.10000410525883657
    ],
    "n_training_samples": 24359,
    "training_mean": 0.021382572648192162,
    "training_std": 0.008902600654373682
  },
  "volume_ratio_lag1": {
    "bins": [
      0.201719629773015,
      0.6345517603747283,
      0.7236572467183294,
      0.7912381899525556,
      0.8522957133024751,
      0.916677817929316,
      0.9894075603464916,
      1.077179349442941,
      1.202950611377344,
      1.4413527161889053,
      11.432926829268292
    ],
    "reference_proportions": [
      0.1000155183116077,
      0.09997672253258845,
      0.1000155183116077,
      0.09997672253258845,
      0.1000155183116077,
      0.09997672253258845,
      0.1000155183116077,
      0.09997672253258845,
      0.1000155183116077,
      0.1000155183116077
    ],
    "n_training_samples": 25776,
    "training_mean": 1.0071055261186537,
    "training_std": 0.4420498150409444
  },
  "Volume_Ratio": {
    "bins": [
      0.201719629773015,
      0.6347288780260881,
      0.7236747278509609,
      0.7913884471700897,
      0.8523828450864195,
      0.9168297001574552,
      0.9895662898214717,
      1.0772337847076183,
      1.2031420674246387,
      1.4417660568240342,
      11.432926829268292
    ],
    "reference_proportions": [
      0.1,
      0.1,
      0.1,
      0.1,
      0.1,
      0.1,
      0.1,
      0.1,
      0.1,
      0.1
    ],
    "n_training_samples": 25800,
    "training_mean": 1.0072395183730432,
    "training_std": 0.44202959057286967
  },
  "Volatility_20D": {
    "bins": [
      0.0599060082853419,
      0.16196106826848403,
      0.19708258681415677,
      0.22867058054851658,
      0.2640808005527131,
      0.2966152657594825,
      0.33501512249009624,
      0.38236219238681735,
      0.4422728428743566,
      0.5463938950059183,
      1.5740216704904937
    ],
    "reference_proportions": [
      0.1,
      0.1,
      0.1,
      0.1,
      0.1,
      0.1,
      0.1,
      0.1,
      0.1,
      0.1
    ],
    "n_training_samples": 25800,
    "training_mean": 0.33192677151997707,
    "training_std": 0.16510956054837336
  },
  "RSI_14": {
    "bins": [
      1.4185135534964814,
      30.875586164821144,
      38.46810673304473,
      44.00039084870133,
      48.904606901188096,
      53.58681155011845,
      58.213195963120484,
      63.15979212651544,
      68.39379788592805,
      75.23096694000276,
      97.52993259669202
    ],
    "reference_proportions": [
      0.1,
      0.1,
      0.1,
      0.1,
      0.1,
      0.1,
      0.1,
      0.1,
      0.1,
      0.1
    ],
    "n_training_samples": 25800,
    "training_mean": 53.31408770206668,
    "training_std": 16.78984048160259
  },
  "MACD_Signal": {
    "bins": [
      -48.34228009236655,
      -3.67746978527236,
      -1.3295972902829365,
      -0.4169915759620054,
      0.12002757525631218,
      0.5306610309998778,
      1.093842210550621,
      1.970845313635352,
      3.3872467383522347,
      6.581972895148167,
      46.18070890276253
    ],
    "reference_proportions": [
      0.1,
      0.1,
      0.1,
      0.1,
      0.1,
      0.1,
      0.1,
      0.1,
      0.1,
      0.1
    ],
    "n_training_samples": 25800,
    "training_mean": 0.9747643530448493,
    "training_std": 6.11565972519576
  },
  "BB_Upper": {
    "bins": [
      9.194545059867352,
      44.871082622373834,
      57.015210646900584,
      96.0950829668892,
      125.16020131515077,
      145.5562717740864,
      170.2639538805037,
      210.74190331866845,
      316.2753248952901,
      510.43649715738206,
      1160.9650677060588
    ],