{
  "timestamp": "2025-08-26T23:15:57.324792",
  "detection_settings": {
    "psi_thresholds": {
      "low": 0.05,
      "medium": 0.1,
      "high": 0.25
    },
    "ks_pvalue_thresholds": {
      "low": 0.05,
      "medium": 0.01,
      "high": 0.001
    }
  },
  "summary": {
    "total_features": 16,
    "severity_counts": {
      "STABLE": 16
    },
    "critical_features": [],
    "high_drift_features": [],
    "recommendations": [
      "\u2705 No critical drift detected - model stable"
    ],
    "overall_stability": "STABLE"
  },
  "detailed_results": {
    "momentum_5d_lag3_rank": {
      "psi": 0.0001515725237290991,
      "psi_status": "success",
      "ks_statistic": 0.003190187940511624,
      "ks_pvalue": 0.9331771919037058,
      "js_divergence": 6.351926211709669e-05,
      "wasserstein_distance": 0.0010015151893852231,
      "drift_severity": "STABLE",
      "train_stats": {
        "mean": 0.5048659275752547,
        "std": 0.28780844713133286,
        "min": 0.010416666666666666,
        "max": 1.0,
        "skew": 0.0007884685237871834,
        "kurt": -1.1967649010547359
      },
      "test_stats": {
        "mean": 0.505211774205388,
        "std": 0.28866297438334804,
        "min": 0.010416666666666666,
        "max": 1.0,
        "skew": 4.682586152107644e-08,
        "kurt": -1.200260698368859
      },
      "mean_shift": 0.0003458466301332619,
      "std_ratio": 1.0029690829447002
    },
    "momentum_10d_lag3_rank": {
      "psi": 0.00016005276876264148,
      "psi_status": "success",
      "ks_statistic": 0.003222154184158277,
      "ks_pvalue": 0.928069795260033,
      "js_divergence": 6.725118726865387e-05,
      "wasserstein_distance": 0.0009836082863466458,
      "drift_severity": "STABLE",
      "train_stats": {
        "mean": 0.5047941863127513,
        "std": 0.287848236248921,
        "min": 0.010416666666666666,
        "max": 1.0,
        "skew": 0.0006351139256517788,
        "kurt": -1.1973716997928643
      },
      "test_stats": {
        "mean": 0.505211774205388,
        "std": 0.2886629813303479,
        "min": 0.010416666666666666,
        "max": 1.0,
        "skew": 4.131946952167589e-08,
        "kurt": -1.2002608306395306
      },
      "mean_shift": 0.00041758789263668383,
      "std_ratio": 1.0028304671647852
    },
    "momentum_20d_lag3_rank": {
      "psi": 0.00025576135946325356,
      "psi_status": "success",
      "ks_statistic": 0.003557577999071637,
      "ks_pvalue": 0.8626010723619311,
      "js_divergence": 7.490373076777748e-05,
      "wasserstein_distance": 0.0011247737893347776,
      "drift_severity": "STABLE",
      "train_stats": {
        "mean": 0.5046182043259145,
        "std": 0.2877652118576042,
        "min": 0.010416666666666666,
        "max": 1.0,
        "skew": 0.0012125938418814095,
        "kurt": -1.197127942874767
      },
      "test_stats": {
        "mean": 0.505211774205388,
        "std": 0.2886629836297931,
        "min": 0.010416666666666666,
        "max": 1.0,
        "skew": -7.662497202169027e-11,
        "kurt": -1.200260816275988
      },
      "mean_shift": 0.0005935698794734545,
      "std_ratio": 1.0031198061297317
    },
    "momentum_60d_lag3_rank": {
      "psi": 0.00034223834901113116,
      "psi_status": "success",
      "ks_statistic": 0.0039675897158275575,
      "ks_pvalue": 0.7596940340077577,
      "js_divergence": 0.0001023295107690622,
      "wasserstein_distance": 0.00141362173338174,
      "drift_severity": "STABLE",
      "train_stats": {
        "mean": 0.5041634400379035,
        "std": 0.28781155135098957,
        "min": 0.010416666666666666,
        "max": 1.0,
        "skew": 0.003380798585551491,
        "kurt": -1.1974999902587362
      },
      "test_stats": {
        "mean": 0.505211774205388,
        "std": 0.2886629836297931,
        "min": 0.010416666666666666,
        "max": 1.0,
        "skew": -7.662496979098647e-11,
        "kurt": -1.2002608162759878
      },
      "mean_shift": 0.0010483341674845104,
      "std_ratio": 1.0029582974502276
    },
    "volatility_10d_lag3_rank": {
      "psi": 0.00020203443766958379,
      "psi_status": "success",
      "ks_statistic": 0.005186969451545953,
      "ks_pvalue": 0.4264137238557302,
      "js_divergence": 8.154718933604766e-05,
      "wasserstein_distance": 0.002255981689807832,
      "drift_severity": "STABLE",
      "train_stats": {
        "mean": 0.503143247658431,
        "std": 0.2874614874414226,
        "min": 0.010416666666666666,
        "max": 1.0,
        "skew": 0.00664919125576877,
        "kurt": -1.1954303439625082
      },
      "test_stats": {
        "mean": 0.505211774205388,
        "std": 0.2886629836297931,
        "min": 0.010416666666666666,
        "max": 1.0,
        "skew": -7.662496959332915e-11,
        "kurt": -1.200260816275988
      },
      "mean_shift": 0.0020685265469569947,
      "std_ratio": 1.0041796767234685
    },
    "volatility_20d_lag3_rank": {
      "psi": 0.00021407505267368994,
      "psi_status": "success",
      "ks_statistic": 0.005528386203864866,
      "ks_pvalue": 0.34777011037882033,
      "js_divergence": 8.781948156451932e-05,
      "wasserstein_distance": 0.002545175665483733,
      "drift_severity": "STABLE",
      "train_stats": {
        "mean": 0.5028094712722446,
        "std": 0.28742304756360787,
        "min": 0.010416666666666666,
        "max": 1.0,
        "skew": 0.0071135261924262705,
        "kurt": -1.1957117831570836
      },
      "test_stats": {
        "mean": 0.505211774205388,
        "std": 0.2886629836297931,
        "min": 0.010416666666666666,
        "max": 1.0,
        "skew": -7.662497541010114e-11,
        "kurt": -1.2002608162759878
      },
      "mean_shift": 0.002402302933143363,
      "std_ratio": 1.004313975431909
    },
    "volatility_60d_lag3_rank": {
      "psi": 0.00043233137609445077,
      "psi_status": "success",
      "ks_statistic": 0.0066173479830476944,
      "ks_pvalue": 0.16442908923125454,
      "js_divergence": 0.0001262335869499408,
      "wasserstein_distance": 0.003012120721804331,
      "drift_severity": "STABLE",
      "train_stats": {
        "mean": 0.5022827153204827,
        "std": 0.2874762026347102,
        "min": 0.010416666666666666,
        "max": 1.0,
        "skew": 0.008294030457209037,
        "kurt": -1.1940198559554938
      },
      "test_stats": {
        "mean": 0.505211774205388,
        "std": 0.2886629836297931,
        "min": 0.010416666666666666,
        "max": 1.0,
        "skew": -7.662497512773355e-11,
        "kurt": -1.200260816275988
      },
      "mean_shift": 0.0029290588849052446,
      "std_ratio": 1.0041282752582414
    },
    "mean_rev_10d_lag3_rank": {
      "psi": 0.00014883649952426162,
      "psi_status": "success",
      "ks_statistic": 0.00317997601271669,
      "ks_pvalue": 0.9347644343402695,
      "js_divergence": 6.401861896975316e-05,
      "wasserstein_distance": 0.0009620353883810755,
      "drift_severity": "STABLE",
      "train_stats": {
        "mean": 0.5048583854091363,
        "std": 0.2878579469231203,
        "min": 0.010416666666666666,
        "max": 1.0,
        "skew": 0.0005985634697288321,
        "kurt": -1.1973299952543217
      },
      "test_stats": {
        "mean": 0.505211774205388,
        "std": 0.2886629836297931,
        "min": 0.010416666666666666,
        "max": 1.0,
        "skew": -7.662497094869351e-11,
        "kurt": -1.2002608162759878
      },
      "mean_shift": 0.00035338879625168573,
      "std_ratio": 1.0027966454113846
    },
    "mean_rev_20d_lag3_rank": {
      "psi": 0.00016499453596535506,
      "psi_status": "success",
      "ks_statistic": 0.003411398664089793,
      "ks_pvalue": 0.8936672444566008,
      "js_divergence": 7.188984878857122e-05,
      "wasserstein_distance": 0.0010335283742883893,
      "drift_severity": "STABLE",
      "train_stats": {
        "mean": 0.5047422459148287,
        "std": 0.28784605769706745,
        "min": 0.010416666666666666,